2,A11,-0.24073675,A32,A43,-0.028786976,A61,A73,-0.8697482,A101,-0.7655942,A121,-1.0149913,A143,A152,-0.70457333,A173,-0.42807525,A191,A201,female
1,A11,-0.24073675,A32,A40,0.3927897,A62,A73,0.024134796,A101,1.046463,A123,-0.047998145,A143,A152,-0.70457333,A172,2.3337011,A192,A201,male
1,A11,0.25682458,A31,A40,-0.33522716,A62,A74,-0.8697482,A101,0.1404344,A123,-0.31172353,A141,A152,-0.70457333,A173,-0.42807525,A191,A201,male
1,A13,-0.73829806,A32,A43,-0.6994127,A61,A73,0.024134796,A101,1.046463,A121,-1.1028997,A143,A151,-0.70457333,A173,-0.42807525,A191,A201,male
1,A14,1.0031666,A34,A41,1.4105963,A61,A74,0.024134796,A101,-0.7655942,A123,-0.047998145,A143,A152,1.0265653,A174,-0.42807525,A192,A201,male
1,A11,0.25682458,A32,A43,-0.31432545,A61,A75,0.91801775,A101,1.046463,A121,2.5013473,A141,A151,-0.70457333,A172,-0.42807525,A191,A201,male
1,A13,-1.2358594,A32,A42,-0.40926877,A61,A73,-0.8697482,A101,-0.7655942,A121,0.4794526,A143,A152,-0.70457333,A173,-0.42807525,A192,A201,male
1,A12,-0.73829806,A33,A43,-0.9516502,A61,A73,0.91801775,A102,1.046463,A121,-1.3666251,A143,A151,1.0265653,A173,-0.42807525,A191,A201,male
1,A14,-0.9870787,A32,A40,0.10831401,A62,A73,-1.7636311,A103,-0.7655942,A121,-0.83917433,A143,A151,-0.70457333,A173,2.3337011,A191,A202,male
1,A14,0.5056052,A33,A41,1.8923982,A64,A73,-0.8697482,A101,-0.7655942,A123,-0.7512658,A143,A152,1.0265653,A173,-0.42807525,A191,A201,male
1,A12,-1.2358594,A32,A43,-0.98743105,A61,A74,0.024134796,A103,0.1404344,A121,-0.6633574,A141,A152,-0.70457333,A172,-0.42807525,A191,A201,male
2,A11,1.7495086,A32,A43,0.24576926,A61,A72,0.91801775,A101,0.1404344,A123,-0.1359066,A143,A152,-0.70457333,A173,-0.42807525,A191,A201,male
1,A14,0.25682458,A32,A43,-0.6714257,A63,A74,0.91801775,A101,-1.6716228,A123,-0.6633574,A143,A152,-0.70457333,A173,-0.42807525,A191,A201,female
2,A11,3.2421925,A32,A49,1.4261839,A61,A75,0.91801775,A102,1.046463,A124,0.039910316,A143,A151,-0.70457333,A173,-0.42807525,A191,A201,male
2,A12,3.2421925,A32,A46,1.0687294,A61,A73,0.91801775,A101,1.046463,A124,0.56736106,A143,A153,-0.70457333,A173,-0.42807525,A191,A201,male
2,A11,-0.24073675,A32,A42,0.31237128,A61,A73,-0.8697482,A102,0.1404344,A123,0.56736106,A143,A152,-0.70457333,A173,-0.42807525,A191,A201,male
1,A14,-0.48951742,A34,A41,0.03427239,A64,A75,0.024134796,A101,1.046463,A124,-1.1028997,A143,A151,1.0265653,A173,-0.42807525,A192,A201,male
1,A14,-0.24073675,A34,A43,-0.7699117,A61,A71,0.91801775,A101,1.046463,A123,2.5892558,A143,A152,1.0265653,A171,-0.42807525,A191,A201,female
2,A11,-0.24073675,A34,A42,-0.40643466,A61,A73,0.91801775,A101,1.046463,A121,-1.0149913,A143,A151,1.0265653,A173,-0.42807525,A191,A201,female
1,A11,-0.48951742,A33,A42,0.13169557,A61,A75,-1.7636311,A101,1.046463,A122,-0.7512658,A143,A152,1.0265653,A172,-0.42807525,A191,A201,female
1,A14,2.2470698,A34,A41,1.9791934,A65,A74,-0.8697482,A101,-1.6716228,A124,-0.047998145,A143,A153,1.0265653,A173,-0.42807525,A192,A201,male
2,A11,0.008043918,A33,A46,0.050568633,A61,A72,-0.8697482,A101,-1.6716228,A122,-0.83917433,A143,A152,1.0265653,A173,-0.42807525,A191,A201,male
1,A14,-0.24073675,A34,A43,0.9914994,A61,A75,0.024134796,A101,1.046463,A123,-0.22381507,A143,A152,1.0265653,A173,-0.42807525,A192,A201,male
1,A14,-1.4017131,A34,A43,-0.6264339,A61,A74,-0.8697482,A101,-1.6716228,A121,0.56736106,A143,A152,1.0265653,A172,2.3337011,A191,A201,male
1,A14,-0.9870787,A34,A43,-0.06988184,A65,A73,-1.7636311,A101,-0.7655942,A121,-0.22381507,A143,A152,1.0265653,A173,2.3337011,A191,A201,male
2,A11,0.25682458,A32,A43,-0.51306874,A61,A71,0.91801775,A101,-0.7655942,A123,-0.48754045,A142,A152,-0.70457333,A174,2.3337011,A191,A201,male
1,A12,1.2519473,A32,A43,-0.33593568,A61,A74,0.91801775,A101,1.046463,A123,-1.0149913,A143,A151,-0.70457333,A173,-0.42807525,A191,A201,male
1,A13,1.7495086,A30,A49,1.0690837,A61,A72,-0.8697482,A101,-1.6716228,A122,-0.22381507,A143,A152,1.0265653,A173,-0.42807525,A191,A201,male
1,A14,1.2519473,A34,A41,2.5527503,A65,A75,-0.8697482,A101,1.046463,A124,0.56736106,A143,A153,1.0265653,A173,-0.42807525,A191,A201,male
1,A14,-0.73829806,A32,A40,-0.14604905,A65,A71,0.91801775,A101,1.046463,A124,0.21572724,A143,A152,-0.70457333,A174,-0.42807525,A192,A201,male
1,A12,-0.6553712,A34,A43,-0.84643316,A61,A72,0.91801775,A103,1.046463,A121,-1.1028997,A143,A152,1.0265653,A173,-0.42807525,A191,A201,male
1,A13,-0.73829806,A32,A43,-0.49252132,A61,A73,-0.8697482,A101,-0.7655942,A123,0.743178,A143,A151,-0.70457333,A172,-0.42807525,A192,A201,female
2,A14,-0.24073675,A34,A40,-0.61686873,A61,A73,0.024134796,A101,-0.7655942,A122,-0.31172353,A141,A152,1.0265653,A173,-0.42807525,A191,A201,male
1,A13,-1.2358594,A34,A40,-0.6902018,A62,A75,-0.8697482,A101,1.046463,A123,-0.6633574,A143,A152,1.0265653,A173,2.3337011,A192,A201,male
1,A14,1.2519473,A32,A40,-0.06811051,A65,A73,0.91801775,A101,1.046463,A121,0.039910316,A143,A152,-0.70457333,A173,-0.42807525,A191,A201,male
1,A12,0.25682458,A32,A41,-0.18112141,A65,A75,0.91801775,A101,1.046463,A124,0.039910316,A141,A153,-0.70457333,A173,-0.42807525,A192,A201,male
1,A12,1.2519473,A33,A40,-0.14498626,A62,A75,0.91801775,A101,0.1404344,A124,-0.48754045,A143,A153,-0.70457333,A173,-0.42807525,A191,A201,male
1,A14,-0.73829806,A32,A40,-0.40324625,A65,A75,0.91801775,A101,1.046463,A124,1.4464457,A143,A153,-0.70457333,A174,-0.42807525,A192,A201,female
1,A14,-0.07488297,A34,A40,0.075721525,A65,A72,-0.8697482,A101,1.046463,A121,0.743178,A143,A152,1.0265653,A173,-0.42807525,A192,A201,male
2,A11,1.2519473,A34,A42,1.0478277,A61,A72,0.91801775,A102,1.046463,A124,-1.1028997,A143,A151,1.0265653,A172,-0.42807525,A192,A201,female
1,A13,1.2519473,A32,A43,0.42573646,A61,A75,0.91801775,A101,-0.7655942,A123,-0.399632,A143,A152,-0.70457333,A173,-0.42807525,A191,A201,male
1,A14,-0.73829806,A34,A46,-0.44611245,A65,A74,0.91801775,A101,-0.7655942,A123,2.2376218,A143,A152,-0.70457333,A173,-0.42807525,A191,A201,female
1,A13,0.25682458,A32,A42,0.16924778,A61,A72,-0.8697482,A101,1.046463,A123,-0.83917433,A143,A152,-0.70457333,A173,-0.42807525,A191,A201,female
1,A14,0.7543859,A34,A43,-0.15596852,A61,A73,0.91801775,A101,-0.7655942,A123,-0.22381507,A143,A152,-0.70457333,A173,-0.42807525,A192,A201,female
1,A12,0.008043918,A34,A42,-0.1864354,A64,A74,0.024134796,A101,-0.7655942,A123,-0.31172353,A143,A152,1.0265653,A173,-0.42807525,A192,A201,male
1,A11,-0.73829806,A32,A42,-0.711812,A65,A75,-0.8697482,A101,1.046463,A122,1.1827203,A143,A152,-0.70457333,A172,-0.42807525,A192,A201,male
2,A11,0.25682458,A31,A42,1.2756208,A61,A72,-0.8697482,A101,-1.6716228,A122,1.7101711,A141,A152,-0.70457333,A173,-0.42807525,A192,A201,male
2,A12,-0.9870787,A32,A42,-0.83367956,A61,A73,0.91801775,A101,-1.6716228,A122,-0.48754045,A143,A152,-0.70457333,A173,-0.42807525,A191,A201,female
2,A13,-0.73829806,A31,A49,-0.94314784,A61,A72,0.91801775,A101,-1.6716228,A121,-0.83917433,A143,A152,-0.70457333,A171,-0.42807525,A191,A201,female
1,A14,-1.4017131,A32,A42,-0.9459819,A61,A72,-1.7636311,A101,0.1404344,A121,-1.1028997,A143,A151,-0.70457333,A172,2.3337011,A191,A201,female
2,A11,0.25682458,A32,A42,-0.013199267,A61,A72,0.91801775,A101,1.046463,A121,-1.1028997,A143,A151,-0.70457333,A172,-0.42807525,A192,A201,female
1,A14,0.7543859,A34,A43,1.2295662,A65,A74,-0.8697482,A101,0.1404344,A122,0.039910316,A143,A152,1.0265653,A173,-0.42807525,A191,A201,male
1,A11,0.25682458,A32,A43,-0.5910073,A61,A75,0.91801775,A101,1.046463,A123,1.7101711,A143,A152,-0.70457333,A173,-0.42807525,A191,A201,female
2,A12,1.2519473,A34,A40,-0.15986544,A61,A72,0.91801775,A101,1.046463,A123,-0.7512658,A143,A152,1.0265653,A173,-0.42807525,A191,A201,male
1,A12,-0.73829806,A34,A41,-0.5197998,A62,A72,0.024134796,A101,1.046463,A122,0.743178,A143,A152,-0.70457333,A173,-0.42807525,A191,A201,male
1,A12,-0.24073675,A32,A49,-0.4811848,A64,A72,0.024134796,A101,0.1404344,A121,0.039910316,A141,A152,-0.70457333,A173,-0.42807525,A192,A201,male
1,A11,-1.2358594,A34,A40,0.14338635,A61,A73,-1.7636311,A101,0.1404344,A121,0.12781878,A143,A151,2.757704,A173,2.3337011,A191,A201,male
2,A12,-0.73829806,A32,A40,-0.7001213,A61,A72,0.024134796,A101,-1.6716228,A123,-0.9270828,A143,A151,-0.70457333,A173,-0.42807525,A191,A201,female
1,A11,-0.73829806,A32,A46,-0.73377657,A65,A73,0.91801775,A101,1.046463,A122,-1.1028997,A141,A151,-0.70457333,A173,-0.42807525,A192,A201,female
1,A14,-0.73829806,A32,A40,-0.7688489,A61,A73,0.024134796,A101,-0.7655942,A121,-0.7512658,A143,A152,1.0265653,A173,-0.42807525,A192,A201,male
1,A14,-0.73829806,A32,A41,0.4972982,A65,A72,-1.7636311,A101,1.046463,A123,-1.3666251,A143,A151,-0.70457333,A173,-0.42807525,A191,A201,female
2,A12,1.2519473,A33,A40,-0.37065378,A61,A75,0.91801775,A101,1.046463,A124,1.885988,A141,A153,1.0265653,A173,-0.42807525,A192,A201,male
2,A11,0.7543859,A32,A42,1.090694,A65,A75,0.91801775,A101,1.046463,A122,-0.399632,A143,A152,-0.70457333,A173,-0.42807525,A191,A201,male
1,A14,-0.73829806,A32,A41,-0.65831786,A64,A74,0.024134796,A101,-0.7655942,A122,1.7101711,A143,A152,-0.70457333,A173,-0.42807525,A191,A202,male
1,A13,-0.90415186,A32,A42,-0.7072066,A61,A72,0.91801775,A101,-0.7655942,A122,-1.1028997,A143,A152,-0.70457333,A173,-0.42807525,A191,A201,female
1,A12,0.25682458,A32,A43,-0.13294122,A62,A72,-0.8697482,A101,-1.6716228,A123,-0.57544893,A143,A152,-0.70457333,A173,-0.42807525,A191,A201,male
1,A14,0.008043918,A32,A42,-0.36498553,A61,A75,0.91801775,A101,-0.7655942,A121,1.2706288,A143,A152,1.0265653,A173,-0.42807525,A191,A201,male
1,A11,-0.24073675,A32,A43,-0.31255412,A61,A72,0.91801775,A101,-1.6716228,A123,-0.7512658,A142,A152,-0.70457333,A173,-0.42807525,A191,A201,female
1,A14,1.2519473,A32,A41,1.7223505,A61,A73,-1.7636311,A101,-0.7655942,A122,-0.48754045,A141,A152,-0.70457333,A173,-0.42807525,A191,A201,female
2,A13,-0.24073675,A32,A42,-0.14427772,A61,A73,-0.8697482,A101,-1.6716228,A121,-0.1359066,A143,A152,-0.70457333,A172,2.3337011,A191,A201,male
1,A12,-0.73829806,A32,A40,0.99433357,A61,A74,-0.8697482,A101,-0.7655942,A123,-0.31172353,A143,A152,-0.70457333,A173,-0.42807525,A191,A201,male
1,A12,-1.2358594,A32,A43,-1.028526,A65,A75,0.91801775,A101,1.046463,A122,0.21572724,A143,A152,-0.70457333,A173,-0.42807525,A191,A201,male
1,A11,-0.73829806,A34,A43,-1.0225034,A61,A74,0.91801775,A101,0.1404344,A121,1.9738965,A143,A152,4.4888425,A172,-0.42807525,A192,A201,female
1,A12,-0.90415186,A31,A43,-0.787625,A61,A73,0.91801775,A101,1.046463,A121,-1.1028997,A142,A152,-0.70457333,A172,-0.42807525,A191,A201,male
1,A11,0.25682458,A34,A41,1.1151383,A61,A75,-0.8697482,A101,1.046463,A124,0.743178,A143,A153,1.0265653,A174,2.3337011,A192,A201,female
2,A11,0.25682458,A33,A43,-0.7961274,A61,A72,0.91801775,A101,1.046463,A121,1.0948119,A142,A152,-0.70457333,A173,-0.42807525,A191,A201,male
2,A11,0.25682458,A32,A40,-0.343021,A61,A75,0.91801775,A102,-1.6716228,A121,0.83108646,A143,A152,-0.70457333,A173,-0.42807525,A191,A201,male
1,A12,-0.9870787,A32,A43,-0.996642,A61,A73,0.91801775,A101,0.1404344,A121,-1.0149913,A143,A152,-0.70457333,A173,-0.42807525,A191,A201,male
2,A11,-0.73829806,A34,A42,-0.3632142,A61,A75,0.024134796,A101,0.1404344,A122,2.1497135,A143,A152,1.0265653,A173,-0.42807525,A191,A201,male
2,A11,-0.73829806,A32,A43,-0.9013444,A62,A72,0.91801775,A101,0.1404344,A124,-0.22381507,A143,A152,-0.70457333,A172,-0.42807525,A192,A201,male
1,A14,-0.24073675,A32,A43,-0.6441472,A61,A72,0.024134796,A101,-1.6716228,A121,-0.83917433,A143,A152,-0.70457333,A173,-0.42807525,A191,A201,female
1,A14,-0.73829806,A32,A43,-0.38978416,A61,A72,-0.8697482,A101,-0.7655942,A123,-0.57544893,A141,A152,-0.70457333,A173,-0.42807525,A191,A201,female
1,A14,-0.9870787,A32,A43,-0.20344017,A61,A73,-1.7636311,A101,-0.7655942,A121,-0.31172353,A143,A152,-0.70457333,A173,2.3337011,A191,A201,male
1,A12,-0.73829806,A32,A40,-0.8021499,A64,A73,0.91801775,A101,-1.6716228,A121,-1.1908082,A143,A152,-0.70457333,A173,-0.42807525,A191,A201,male
1,A14,-0.73829806,A34,A46,-0.9105553,A61,A73,0.91801775,A101,-0.7655942,A123,-0.31172353,A143,A152,1.0265653,A173,-0.42807525,A191,A201,male
2,A11,-0.73829806,A31,A43,-0.93712527,A61,A73,0.91801775,A101,1.046463,A121,-1.0149913,A141,A152,-0.70457333,A172,-0.42807525,A191,A201,female
2,A11,1.9982892,A32,A43,-0.5052749,A61,A73,0.91801775,A101,1.046463,A124,-1.1028997,A143,A153,-0.70457333,A173,-0.42807525,A192,A201,male
2,A12,3.2421925,A32,A40,3.810395,A61,A74,0.91801775,A101,-0.7655942,A124,-0.7512658,A143,A152,-0.70457333,A174,-0.42807525,A192,A201,male
1,A14,0.7543859,A34,A43,0.88557386,A61,A74,0.91801775,A101,-0.7655942,A123,-0.9270828,A143,A152,1.0265653,A173,-0.42807525,A191,A201,female
1,A14,0.25682458,A32,A40,-0.61864007,A64,A74,0.91801775,A101,0.1404344,A123,-0.1359066,A143,A152,-0.70457333,A173,2.3337011,A192,A201,female
1,A14,0.09097081,A32,A40,-0.70437247,A65,A74,0.91801775,A101,1.046463,A122,-0.9270828,A143,A151,-0.70457333,A173,-0.42807525,A191,A201,female
1,A14,-1.2358594,A32,A43,-0.975386,A61,A73,0.024134796,A101,-1.6716228,A121,-0.57544893,A143,A152,-0.70457333,A173,-0.42807525,A191,A201,female
2,A11,2.2470698,A30,A42,1.3631246,A61,A73,0.024134796,A101,1.046463,A124,1.5343542,A143,A153,1.0265653,A173,2.3337011,A191,A201,male
1,A11,0.25682458,A32,A42,-0.088657945,A61,A73,-0.8697482,A101,-0.7655942,A121,-1.0149913,A143,A151,-0.70457333,A172,-0.42807525,A191,A201,male
1,A14,2.2470698,A34,A41,-0.1843098,A65,A75,0.91801775,A101,0.1404344,A123,0.21572724,A143,A152,1.0265653,A173,2.3337011,A192,A201,male
1,A14,-1.2358594,A32,A45,-0.92508024,A63,A74,-0.8697482,A101,1.046463,A121,-1.1028997,A143,A151,-0.70457333,A172,-0.42807525,A191,A201,male
1,A14,0.25682458,A34,A40,-0.28633845,A62,A74,0.91801775,A101,0.1404344,A122,-0.7512658,A143,A152,1.0265653,A173,-0.42807525,A192,A201,male
1,A11,-0.24073675,A32,A40,-0.36215138,A62,A74,0.91801775,A101,0.1404344,A123,-0.48754045,A143,A152,-0.70457333,A174,2.3337011,A192,A201,male
2,A12,2.2470698,A30,A49,3.9499757,A61,A73,-0.8697482,A101,-0.7655942,A123,-0.9270828,A143,A152,-0.70457333,A173,-0.42807525,A192,A201,male
2,A11,-0.24073675,A34,A40,0.24612352,A61,A75,-1.7636311,A101,1.046463,A121,-0.22381507,A141,A151,2.757704,A173,-0.42807525,A192,A201,female
1,A14,0.7543859,A34,A43,-0.068819046,A65,A75,0.024134796,A101,-0.7655942,A123,0.39154416,A143,A152,1.0265653,A173,2.3337011,A192,A201,male
2,A12,-0.9870787,A32,A42,-0.8191547,A61,A73,-1.7636311,A101,-0.7655942,A123,-0.57544893,A143,A152,-0.70457333,A173,-0.42807525,A191,A202,female
2,A13,-0.9870787,A32,A43,-0.8949676,A61,A73,0.024134796,A101,-0.7655942,A121,-0.6633574,A143,A152,-0.70457333,A172,-0.42807525,A191,A201,female
1,A14,0.25682458,A34,A43,-0.20804563,A61,A73,0.91801775,A101,-0.7655942,A121,-0.047998145,A143,A152,1.0265653,A172,-0.42807525,A191,A201,male
1,A14,-0.73829806,A32,A46,-0.6654032,A61,A75,0.91801775,A101,1.046463,A122,1.0069034,A141,A152,2.757704,A173,2.3337011,A192,A201,male
1,A11,-0.24073675,A34,A43,-0.49287558,A61,A74,0.91801775,A101,-1.6716228,A122,-0.31172353,A143,A152,1.0265653,A174,-0.42807525,A192,A201,male
1,A12,-0.9870787,A32,A46,-0.7341308,A61,A74,0.91801775,A101,1.046463,A122,2.7650726,A143,A152,1.0265653,A174,-0.42807525,A192,A201,female
1,A12,0.25682458,A32,A42,-0.07165317,A62,A75,0.91801775,A101,1.046463,A124,-0.48754045,A143,A153,-0.70457333,A173,-0.42807525,A191,A201,male
1,A14,0.25682458,A32,A42,0.24824913,A61,A74,-0.8697482,A101,1.046463,A122,-0.9270828,A143,A151,-0.70457333,A173,-0.42807525,A192,A201,female
2,A11,-1.2358594,A32,A40,4.1182523,A61,A75,-1.7636311,A101,1.046463,A124,2.852981,A141,A152,-0.70457333,A174,-0.42807525,A192,A201,male
2,A11,1.2519473,A32,A43,-0.3433753,A61,A73,0.91801775,A101,1.046463,A123,-0.399632,A143,A151,-0.70457333,A173,-0.42807525,A191,A201,male
1,A11,-1.0700057,A34,A40,-0.8999273,A61,A75,0.91801775,A101,1.046463,A121,1.0069034,A143,A152,1.0265653,A172,-0.42807525,A191,A201,male
1,A11,-0.48951742,A34,A42,-0.65123254,A61,A73,0.91801775,A101,0.1404344,A122,-0.9270828,A143,A151,1.0265653,A173,-0.42807525,A191,A201,female
1,A14,-1.2358594,A32,A44,-0.6848878,A63,A73,-1.7636311,A101,1.046463,A121,2.3255303,A143,A152,-0.70457333,A173,-0.42807525,A191,A201,male
1,A12,-0.24073675,A34,A42,-0.7001213,A61,A72,0.91801775,A101,-1.6716228,A122,-0.7512658,A143,A152,1.0265653,A173,-0.42807525,A191,A201,female
1,A11,-1.2358594,A34,A42,-0.49570972,A61,A71,0.91801775,A101,1.046463,A124,0.039910316,A143,A153,2.757704,A174,-0.42807525,A192,A201,male
2,A12,-0.24073675,A34,A40,-0.84572464,A61,A75,0.91801775,A101,1.046463,A123,0.039910316,A141,A152,-0.70457333,A173,2.3337011,A192,A201,male
2,A14,0.25682458,A33,A40,-0.2597685,A61,A75,0.91801775,A101,1.046463,A123,1.0069034,A143,A152,1.0265653,A172,2.3337011,A191,A201,male
1,A14,0.25682458,A32,A43,-0.058899596,A65,A72,0.91801775,A101,-0.7655942,A123,-0.9270828,A143,A152,1.0265653,A173,-0.42807525,A191,A201,male
1,A14,2.2470698,A34,A49,1.5438004,A65,A75,0.91801775,A101,-0.7655942,A123,0.9189949,A141,A152,1.0265653,A174,2.3337011,A191,A201,male
1,A11,-0.73829806,A34,A40,-0.38978416,A61,A73,0.91801775,A101,1.046463,A122,0.21572724,A141,A152,1.0265653,A172,-0.42807525,A191,A202,male
1,A12,-0.24073675,A32,A41,-0.17439035,A61,A73,-1.7636311,A101,0.1404344,A123,-1.2787166,A143,A151,-0.70457333,A173,-0.42807525,A192,A201,male
1,A11,-0.9870787,A34,A43,-0.75574106,A61,A73,0.91801775,A101,1.046463,A121,-0.9270828,A143,A152,1.0265653,A172,-0.42807525,A191,A201,male
1,A11,-0.73829806,A32,A42,-0.57187694,A61,A73,-0.8697482,A101,-0.7655942,A121,-0.7512658,A143,A152,-0.70457333,A173,-0.42807525,A191,A201,male
2,A12,0.008043918,A32,A49,-0.17864154,A62,A75,0.91801775,A101,-0.7655942,A123,2.2376218,A141,A151,1.0265653,A172,-0.42807525,A191,A201,male
2,A12,-0.24073675,A34,A42,-0.47587082,A61,A72,-0.8697482,A101,-0.7655942,A121,-0.399632,A143,A152,1.0265653,A172,-0.42807525,A191,A201,male
2,A12,1.2519473,A32,A45,-0.31432545,A61,A72,0.91801775,A101,-1.6716228,A124,-0.22381507,A143,A151,-0.70457333,A172,-0.42807525,A191,A201,male
1,A14,-0.9870787,A34,A46,-0.7181888,A65,A75,0.91801775,A101,1.046463,A122,0.4794526,A143,A151,1.0265653,A172,-0.42807525,A191,A201,female
1,A14,-0.73829806,A34,A42,0.021164546,A61,A75,-0.8697482,A101,1.046463,A122,0.56736106,A142,A152,-0.70457333,A173,-0.42807525,A191,A201,male
1,A14,0.25682458,A34,A46,-0.5931329,A61,A75,0.91801775,A101,1.046463,A124,1.6222626,A143,A153,1.0265653,A173,2.3337011,A191,A201,male
1,A14,0.25682458,A33,A49,0.20963413,A61,A73,-1.7636311,A101,-0.7655942,A124,-0.31172353,A143,A153,-0.70457333,A173,-0.42807525,A191,A201,male
2,A11,-0.73829806,A32,A43,-0.9077212,A61,A75,0.91801775,A101,1.046463,A121,1.885988,A142,A152,-0.70457333,A172,-0.42807525,A191,A201,male
2,A12,-0.48951742,A32,A43,-0.87477446,A61,A75,0.91801775,A101,0.1404344,A123,0.12781878,A143,A152,-0.70457333,A173,2.3337011,A191,A201,male
1,A14,-0.73829806,A32,A42,-0.5438899,A61,A74,0.024134796,A101,1.046463,A121,-0.399632,A143,A152,-0.70457333,A172,-0.42807525,A191,A201,female
1,A11,-1.2358594,A32,A40,-0.9243717,A61,A72,0.024134796,A101,1.046463,A121,0.4794526,A143,A152,-0.70457333,A172,2.3337011,A192,A201,male
1,A14,-1.2358594,A31,A40,-0.8815055,A65,A73,-1.7636311,A103,-0.7655942,A121,-0.83917433,A142,A152,-0.70457333,A172,2.3337011,A191,A201,male
2,A11,0.008043918,A32,A43,-0.50881755,A61,A73,0.024134796,A101,-0.7655942,A121,-0.9270828,A143,A152,1.0265653,A173,-0.42807525,A192,A201,female
1,A12,-1.2358594,A34,A48,-0.82871985,A65,A74,-1.7636311,A101,0.1404344,A122,0.3036357,A143,A152,1.0265653,A172,-0.42807525,A191,A201,female
1,A11,-1.2358594,A32,A42,-0.6721342,A61,A73,-1.7636311,A101,-0.7655942,A121,0.039910316,A141,A152,-0.70457333,A172,-0.42807525,A192,A201,male
1,A11,-1.0700057,A34,A410,-0.7465301,A61,A75,0.024134796,A101,1.046463,A124,1.3585372,A141,A153,1.0265653,A174,2.3337011,A192,A201,male
2,A11,2.2470698,A34,A41,1.0173608,A61,A75,0.91801775,A101,1.046463,A124,1.9738965,A142,A153,1.0265653,A172,-0.42807525,A191,A201,female
1,A14,-1.2358594,A30,A40,-0.73235947,A62,A73,0.91801775,A101,-1.6716228,A124,-0.047998145,A141,A151,-0.70457333,A173,-0.42807525,A191,A202,male
2,A12,-1.2358594,A31,A46,-1.0054986,A64,A72,0.91801775,A101,-0.7655942,A122,-1.0149913,A141,A151,-0.70457333,A173,2.3337011,A191,A201,female
1,A14,-0.73829806,A32,A42,-0.601281,A61,A73,0.91801775,A101,-0.7655942,A121,1.2706288,A143,A152,-0.70457333,A173,-0.42807525,A191,A201,male
1,A12,1.2519473,A34,A41,0.89584756,A61,A73,0.024134796,A101,1.046463,A123,-0.1359066,A143,A152,1.0265653,A173,-0.42807525,A192,A201,male
2,A11,0.25682458,A31,A49,-0.039060693,A61,A73,0.91801775,A101,-0.7655942,A122,-0.399632,A143,A151,-0.70457333,A173,-0.42807525,A192,A201,male
1,A12,-1.0700057,A32,A49,-0.8375765,A61,A72,0.024134796,A101,-0.7655942,A121,-0.83917433,A143,A152,-0.70457333,A173,-0.42807525,A192,A201,male
1,A14,-0.73829806,A31,A48,0.062259417,A63,A73,0.91801775,A101,0.1404344,A121,-0.047998145,A143,A152,-0.70457333,A172,2.3337011,A191,A201,female
2,A11,1.2519473,A32,A42,-0.19812618,A61,A75,-0.8697482,A101,-0.7655942,A122,0.4794526,A141,A152,-0.70457333,A173,2.3337011,A191,A201,male
2,A11,0.25682458,A32,A43,-0.47232816,A61,A72,0.91801775,A101,0.1404344,A122,-0.31172353,A143,A152,-0.70457333,A173,-0.42807525,A191,A201,male
1,A14,0.25682458,A34,A43,-0.50314933,A61,A74,0.91801775,A103,-0.7655942,A123,-0.22381507,A143,A152,1.0265653,A173,-0.42807525,A192,A201,male
1,A12,0.25682458,A32,A40,0.085286714,A62,A74,-0.8697482,A101,0.1404344,A123,0.21572724,A141,A152,1.0265653,A173,-0.42807525,A192,A201,male
1,A12,-0.24073675,A33,A49,-0.29909202,A65,A75,0.91801775,A101,-0.7655942,A122,0.56736106,A143,A152,1.0265653,A173,-0.42807525,A191,A201,male
2,A11,-0.24073675,A34,A45,-0.73731923,A61,A71,-0.8697482,A101,1.046463,A124,1.7101711,A143,A153,2.757704,A171,2.3337011,A191,A201,female
1,A14,-0.90415186,A32,A40,-0.61120045,A61,A73,0.024134796,A101,-0.7655942,A121,-0.399632,A143,A152,-0.70457333,A172,2.3337011,A191,A202,male
1,A12,-0.73829806,A32,A42,-0.090075016,A61,A72,0.024134796,A101,-1.6716228,A121,-0.1359066,A143,A151,-0.70457333,A174,-0.42807525,A191,A201,female
1,A12,-0.9870787,A32,A40,-1.0611185,A61,A73,0.91801775,A101,1.046463,A121,-1.1908082,A143,A151,-0.70457333,A172,-0.42807525,A191,A201,male
1,A14,-0.73829806,A34,A40,-0.8308455,A61,A71,-1.7636311,A101,-0.7655942,A122,0.21572724,A143,A152,-0.70457333,A171,-0.42807525,A191,A201,female
1,A12,-0.9870787,A32,A49,-0.6661117,A61,A73,-0.8697482,A101,-1.6716228,A121,-0.7512658,A141,A152,-0.70457333,A173,-0.42807525,A192,A201,male
2,A12,0.25682458,A32,A42,0.27836174,A61,A74,0.024134796,A101,0.1404344,A123,0.65526956,A143,A152,-0.70457333,A173,-0.42807525,A192,A201,male
2,A12,-1.2358594,A31,A40,-0.82907414,A62,A72,-1.7636311,A101,-1.6716228,A122,-0.31172353,A142,A152,-0.70457333,A172,-0.42807525,A191,A201,female
1,A14,-0.90415186,A32,A41,-0.13116989,A65,A72,-1.7636311,A101,1.046463,A121,-0.399632,A143,A151,-0.70457333,A173,-0.42807525,A191,A201,female
2,A11,-0.73829806,A32,A46,-0.9165779,A61,A73,0.91801775,A101,1.046463,A123,0.39154416,A143,A151,-0.70457333,A172,2.3337011,A191,A201,male
1,A11,2.2470698,A32,A46,1.4895977,A61,A74,0.91801775,A101,-1.6716228,A124,1.2706288,A143,A153,-0.70457333,A174,-0.42807525,A192,A201,male
1,A14,-0.48951742,A32,A42,-0.37207085,A63,A73,-0.8697482,A101,1.046463,A123,-1.3666251,A143,A151,-0.70457333,A173,-0.42807525,A191,A201,female
2,A11,-0.73829806,A34,A40,0.5568149,A61,A75,0.024134796,A102,1.046463,A122,0.65526956,A143,A151,1.0265653,A173,-0.42807525,A192,A201,male
1,A14,-0.24073675,A32,A42,-0.2679166,A61,A73,0.024134796,A101,1.046463,A121,0.65526956,A143,A152,-0.70457333,A173,-0.42807525,A192,A201,male
1,A11,-0.73829806,A32,A40,0.1345297,A64,A73,-1.7636311,A101,0.1404344,A122,-0.399632,A143,A152,-0.70457333,A173,2.3337011,A191,A201,male
1,A13,-1.4017131,A32,A40,-0.6296223,A65,A72,-1.7636311,A101,-0.7655942,A121,-0.57544893,A143,A152,-0.70457333,A172,2.3337011,A191,A202,male
1,A12,2.2470698,A32,A410,0.74741006,A65,A71,0.024134796,A101,1.046463,A124,0.39154416,A141,A153,-0.70457333,A171,-0.42807525,A192,A201,male
1,A13,-0.73829806,A32,A43,0.04525464,A65,A75,-0.8697482,A101,0.1404344,A123,0.12781878,A143,A152,-0.70457333,A174,-0.42807525,A191,A201,male
1,A11,-0.48951742,A34,A42,-0.63529056,A61,A75,0.91801775,A101,1.046463,A123,0.743178,A143,A152,1.0265653,A173,2.3337011,A192,A201,male
1,A12,-1.2358594,A33,A49,-0.64556426,A62,A75,-1.7636311,A101,-0.7655942,A123,-0.399632,A141,A152,1.0265653,A173,2.3337011,A191,A201,male
1,A12,0.25682458,A34,A43,-0.54141,A61,A75,0.91801775,A101,-0.7655942,A122,1.0948119,A143,A152,1.0265653,A172,-0.42807525,A191,A201,male
1,A14,-0.73829806,A32,A43,-0.068819046,A61,A73,-0.8697482,A101,1.046463,A123,1.4464457,A143,A152,-0.70457333,A173,-0.42807525,A192,A201,male
1,A14,-1.2358594,A32,A42,-0.5332619,A61,A73,-1.7636311,A101,-0.7655942,A122,-1.2787166,A143,A151,-0.70457333,A173,-0.42807525,A191,A201,male
1,A12,-0.9870787,A32,A42,-0.43973568,A65,A74,-0.8697482,A101,-1.6716228,A123,-1.0149913,A143,A152,-0.70457333,A173,-0.42807525,A192,A201,male
1,A14,-0.821225,A34,A43,-0.7500728,A62,A71,0.91801775,A101,1.046463,A121,1.885988,A143,A152,2.757704,A172,-0.42807525,A191,A201,female
1,A11,-0.07488297,A34,A42,0.35452896,A61,A75,-1.7636311,A101,1.046463,A122,-1.0149913,A143,A152,1.0265653,A173,-0.42807525,A191,A201,female
2,A12,4.237315,A32,A43,0.82322305,A62,A73,-0.8697482,A101,-0.7655942,A123,-1.0149913,A143,A152,-0.70457333,A173,-0.42807525,A191,A201,male
1,A11,-0.73829806,A34,A40,-0.40714318,A61,A73,0.024134796,A101,-0.7655942,A121,0.3036357,A143,A151,1.0265653,A172,2.3337011,A191,A202,male
1,A14,0.25682458,A34,A49,0.30741155,A62,A73,0.024134796,A101,0.1404344,A122,-0.7512658,A143,A152,1.0265653,A172,-0.42807525,A192,A201,male
1,A14,-1.1529325,A33,A43,-0.85918677,A65,A75,0.024134796,A101,1.046463,A124,0.039910316,A143,A153,-0.70457333,A173,-0.42807525,A191,A201,male
1,A14,-0.48951742,A34,A46,-0.6161602,A62,A73,0.91801775,A101,0.1404344,A123,-0.399632,A143,A152,-0.70457333,A173,-0.42807525,A191,A201,female
1,A12,0.008043918,A32,A42,0.24966618,A65,A74,-0.8697482,A101,0.1404344,A123,-0.047998145,A143,A152,-0.70457333,A173,-0.42807525,A192,A201,male
2,A12,-0.73829806,A32,A43,-0.88752806,A63,A73,0.91801775,A101,0.1404344,A121,2.677164,A143,A152,-0.70457333,A172,-0.42807525,A191,A201,male
2,A12,0.25682458,A32,A40,-0.7174803,A61,A72,0.91801775,A101,-0.7655942,A121,-1.1028997,A142,A152,-0.70457333,A172,-0.42807525,A191,A201,male
1,A14,-0.73829806,A32,A49,-0.61261755,A61,A74,-0.8697482,A101,1.046463,A123,0.039910316,A143,A152,-0.70457333,A173,-0.42807525,A192,A201,male
1,A14,0.25682458,A32,A42,-0.82978266,A65,A74,0.91801775,A101,-0.7655942,A123,-0.399632,A142,A152,-0.70457333,A173,-0.42807525,A192,A201,male
1,A14,-0.48951742,A32,A41,-0.08582382,A61,A74,-0.8697482,A101,-0.7655942,A123,-0.22381507,A143,A152,-0.70457333,A173,-0.42807525,A191,A201,male
2,A14,-0.24073675,A32,A42,-0.6158059,A61,A72,0.91801775,A102,-1.6716228,A122,0.65526956,A143,A152,-0.70457333,A172,2.3337011,A191,A201,male
1,A12,2.2470698,A33,A49,1.2079561,A65,A73,0.91801775,A101,1.046463,A124,0.21572724,A143,A153,-0.70457333,A173,2.3337011,A192,A201,male
2,A12,-0.73829806,A32,A40,-0.84430754,A61,A75,0.91801775,A101,1.046463,A123,0.4794526,A141,A152,-0.70457333,A172,2.3337011,A191,A201,male
2,A12,-0.24073675,A33,A42,0.36338562,A61,A75,0.91801775,A101,0.1404344,A124,0.39154416,A143,A152,-0.70457333,A174,-0.42807525,A192,A201,male
2,A13,0.7543859,A33,A49,-0.48295614,A61,A75,0.91801775,A101,1.046463,A121,2.677164,A143,A152,-0.70457333,A174,-0.42807525,A192,A201,male
1,A14,0.25682458,A32,A43,-0.012845001,A63,A75,0.024134796,A101,-0.7655942,A123,-0.83917433,A143,A152,-0.70457333,A174,-0.42807525,A192,A201,male
2,A12,3.2421925,A32,A40,1.4655076,A62,A72,0.91801775,A101,-0.7655942,A122,-1.0149913,A143,A152,-0.70457333,A174,-0.42807525,A191,A201,female
1,A11,0.25682458,A32,A49,1.1679239,A61,A73,-0.8697482,A101,-0.7655942,A123,-1.2787166,A142,A152,-0.70457333,A172,-0.42807525,A191,A201,male
1,A11,0.25682458,A31,A41,0.12779865,A61,A73,-1.7636311,A103,1.046463,A123,-1.1908082,A141,A151,-0.70457333,A173,-0.42807525,A191,A202,female
1,A14,2.7446313,A30,A41,2.1839592,A65,A73,-0.8697482,A101,-0.7655942,A122,0.3036357,A143,A152,-0.70457333,A172,2.3337011,A191,A201,male
